-- phpMyAdmin SQL Dump
-- version 5.2.1
-- https://www.phpmyadmin.net/
--
-- Host: localhost
-- Generation Time: Feb 19, 2025 at 12:43 PM
-- Server version: 10.4.28-MariaDB
-- PHP Version: 8.0.28

SET SQL_MODE = "NO_AUTO_VALUE_ON_ZERO";
START TRANSACTION;
SET time_zone = "+00:00";


/*!40101 SET @OLD_CHARACTER_SET_CLIENT=@@CHARACTER_SET_CLIENT */;
/*!40101 SET @OLD_CHARACTER_SET_RESULTS=@@CHARACTER_SET_RESULTS */;
/*!40101 SET @OLD_COLLATION_CONNECTION=@@COLLATION_CONNECTION */;
/*!40101 SET NAMES utf8mb4 */;

--
-- Database: `laravel_react`
--

-- --------------------------------------------------------

--
-- Table structure for table `cache`
--

CREATE TABLE `cache` (
  `key` varchar(255) NOT NULL,
  `value` mediumtext NOT NULL,
  `expiration` int(11) NOT NULL
) ENGINE=InnoDB DEFAULT CHARSET=utf8mb4 COLLATE=utf8mb4_unicode_ci;

-- --------------------------------------------------------

--
-- Table structure for table `cache_locks`
--

CREATE TABLE `cache_locks` (
  `key` varchar(255) NOT NULL,
  `owner` varchar(255) NOT NULL,
  `expiration` int(11) NOT NULL
) ENGINE=InnoDB DEFAULT CHARSET=utf8mb4 COLLATE=utf8mb4_unicode_ci;

-- --------------------------------------------------------

--
-- Table structure for table `failed_jobs`
--

CREATE TABLE `failed_jobs` (
  `id` bigint(20) UNSIGNED NOT NULL,
  `uuid` varchar(255) NOT NULL,
  `connection` text NOT NULL,
  `queue` text NOT NULL,
  `payload` longtext NOT NULL,
  `exception` longtext NOT NULL,
  `failed_at` timestamp NOT NULL DEFAULT current_timestamp()
) ENGINE=InnoDB DEFAULT CHARSET=utf8mb4 COLLATE=utf8mb4_unicode_ci;

-- --------------------------------------------------------

--
-- Table structure for table `generated_teams`
--

CREATE TABLE `generated_teams` (
  `id` bigint(20) UNSIGNED NOT NULL,
  `generated_id` int(11) NOT NULL,
  `team_id` int(11) NOT NULL,
  `total_skills` int(11) NOT NULL,
  `avg_skill` int(11) NOT NULL,
  `player_count` int(11) NOT NULL,
  `skill_distribution` longtext CHARACTER SET utf8mb4 COLLATE utf8mb4_bin NOT NULL CHECK (json_valid(`skill_distribution`)),
  `created_at` timestamp NULL DEFAULT NULL,
  `updated_at` timestamp NULL DEFAULT NULL
) ENGINE=InnoDB DEFAULT CHARSET=utf8mb4 COLLATE=utf8mb4_unicode_ci;

--
-- Dumping data for table `generated_teams`
--

INSERT INTO `generated_teams` (`id`, `generated_id`, `team_id`, `total_skills`, `avg_skill`, `player_count`, `skill_distribution`, `created_at`, `updated_at`) VALUES
(19, 3, 2, 29, 3, 10, '{\"5\":2,\"4\":2,\"3\":1,\"2\":3,\"1\":2}', '2025-02-18 07:50:22', '2025-02-18 07:50:22'),
(20, 3, 3, 29, 3, 10, '{\"5\":2,\"4\":2,\"3\":1,\"2\":3,\"1\":2}', '2025-02-18 07:50:22', '2025-02-18 07:50:22'),
(21, 3, 4, 28, 3, 10, '{\"5\":2,\"4\":1,\"3\":3,\"2\":1,\"1\":3}', '2025-02-18 07:50:22', '2025-02-18 07:50:22'),
(22, 3, 5, 28, 3, 10, '{\"5\":1,\"4\":3,\"3\":1,\"2\":3,\"1\":2}', '2025-02-18 07:50:22', '2025-02-18 07:50:22'),
(23, 4, 2, 29, 3, 10, '{\"5\":2,\"4\":2,\"3\":1,\"2\":3,\"1\":2}', '2025-02-18 07:52:08', '2025-02-18 07:52:08'),
(24, 4, 3, 29, 3, 10, '{\"5\":2,\"4\":2,\"3\":1,\"2\":3,\"1\":2}', '2025-02-18 07:52:08', '2025-02-18 07:52:08'),
(25, 4, 4, 28, 3, 10, '{\"5\":2,\"4\":1,\"3\":3,\"2\":1,\"1\":3}', '2025-02-18 07:52:08', '2025-02-18 07:52:08'),
(26, 4, 5, 28, 3, 10, '{\"5\":1,\"4\":3,\"3\":1,\"2\":3,\"1\":2}', '2025-02-18 07:52:08', '2025-02-18 07:52:08'),
(27, 5, 2, 29, 3, 10, '{\"5\":2,\"4\":2,\"3\":1,\"2\":3,\"1\":2}', '2025-02-18 07:54:39', '2025-02-18 07:54:39'),
(28, 5, 3, 29, 3, 10, '{\"5\":2,\"4\":2,\"3\":1,\"2\":3,\"1\":2}', '2025-02-18 07:54:39', '2025-02-18 07:54:39'),
(29, 5, 4, 28, 3, 10, '{\"5\":2,\"4\":1,\"3\":3,\"2\":1,\"1\":3}', '2025-02-18 07:54:39', '2025-02-18 07:54:39'),
(30, 5, 5, 28, 3, 10, '{\"5\":1,\"4\":3,\"3\":1,\"2\":3,\"1\":2}', '2025-02-18 07:54:39', '2025-02-18 07:54:39'),
(31, 6, 2, 29, 3, 10, '{\"5\":2,\"4\":2,\"3\":1,\"2\":3,\"1\":2}', '2025-02-18 07:54:56', '2025-02-18 07:54:56'),
(32, 6, 3, 29, 3, 10, '{\"5\":2,\"4\":2,\"3\":1,\"2\":3,\"1\":2}', '2025-02-18 07:54:56', '2025-02-18 07:54:56'),
(33, 6, 4, 28, 3, 10, '{\"5\":2,\"4\":1,\"3\":3,\"2\":1,\"1\":3}', '2025-02-18 07:54:56', '2025-02-18 07:54:56'),
(34, 6, 5, 28, 3, 10, '{\"5\":1,\"4\":3,\"3\":1,\"2\":3,\"1\":2}', '2025-02-18 07:54:56', '2025-02-18 07:54:56'),
(35, 7, 2, 23, 3, 8, '{\"5\":2,\"4\":1,\"3\":1,\"2\":2,\"1\":2}', '2025-02-18 07:55:22', '2025-02-18 07:55:22'),
(36, 7, 3, 23, 3, 8, '{\"5\":2,\"4\":1,\"3\":1,\"2\":2,\"1\":2}', '2025-02-18 07:55:22', '2025-02-18 07:55:22'),
(37, 7, 4, 23, 3, 8, '{\"5\":1,\"4\":2,\"3\":2,\"2\":1,\"1\":2}', '2025-02-18 07:55:22', '2025-02-18 07:55:22'),
(38, 7, 5, 23, 3, 8, '{\"5\":1,\"4\":2,\"3\":1,\"2\":3,\"1\":1}', '2025-02-18 07:55:22', '2025-02-18 07:55:22'),
(39, 7, 13, 22, 3, 8, '{\"5\":1,\"4\":2,\"3\":1,\"2\":2,\"1\":2}', '2025-02-18 07:55:22', '2025-02-18 07:55:22'),
(40, 8, 2, 23, 3, 8, '{\"5\":2,\"4\":1,\"3\":1,\"2\":2,\"1\":2}', '2025-02-18 08:07:13', '2025-02-18 08:07:13'),
(41, 8, 3, 23, 3, 8, '{\"5\":2,\"4\":1,\"3\":1,\"2\":2,\"1\":2}', '2025-02-18 08:07:13', '2025-02-18 08:07:13'),
(42, 8, 4, 23, 3, 8, '{\"5\":1,\"4\":2,\"3\":2,\"2\":1,\"1\":2}', '2025-02-18 08:07:13', '2025-02-18 08:07:13'),
(43, 8, 5, 23, 3, 8, '{\"5\":1,\"4\":2,\"3\":1,\"2\":3,\"1\":1}', '2025-02-18 08:07:13', '2025-02-18 08:07:13'),
(44, 8, 13, 22, 3, 8, '{\"5\":1,\"4\":2,\"3\":1,\"2\":2,\"1\":2}', '2025-02-18 08:07:13', '2025-02-18 08:07:13'),
(45, 9, 2, 24, 3, 8, '{\"5\":2,\"4\":1,\"3\":1,\"2\":3,\"1\":1}', '2025-02-18 08:13:30', '2025-02-18 08:13:30'),
(46, 9, 3, 24, 3, 8, '{\"5\":2,\"4\":1,\"3\":1,\"2\":3,\"1\":1}', '2025-02-18 08:13:30', '2025-02-18 08:13:30'),
(47, 9, 4, 24, 3, 9, '{\"5\":1,\"4\":3,\"2\":2,\"1\":3}', '2025-02-18 08:13:30', '2025-02-18 08:13:30'),
(48, 9, 5, 23, 3, 8, '{\"5\":1,\"4\":2,\"3\":2,\"2\":1,\"1\":2}', '2025-02-18 08:13:30', '2025-02-18 08:13:30'),
(49, 9, 13, 23, 3, 8, '{\"5\":1,\"4\":2,\"3\":2,\"2\":1,\"1\":2}', '2025-02-18 08:13:30', '2025-02-18 08:13:30');

-- --------------------------------------------------------

--
-- Table structure for table `generated_team_players`
--

CREATE TABLE `generated_team_players` (
  `id` bigint(20) UNSIGNED NOT NULL,
  `generated_team_id` int(11) NOT NULL,
  `player_id` int(11) NOT NULL,
  `player_name` varchar(255) NOT NULL,
  `created_at` timestamp NULL DEFAULT NULL,
  `updated_at` timestamp NULL DEFAULT NULL
) ENGINE=InnoDB DEFAULT CHARSET=utf8mb4 COLLATE=utf8mb4_unicode_ci;

--
-- Dumping data for table `generated_team_players`
--

INSERT INTO `generated_team_players` (`id`, `generated_team_id`, `player_id`, `player_name`, `created_at`, `updated_at`) VALUES
(21, 19, 50, 'Jammie Lakin', '2025-02-18 07:50:22', '2025-02-18 07:50:22'),
(22, 19, 78, 'Geo Schamberger', '2025-02-18 07:50:22', '2025-02-18 07:50:22'),
(23, 19, 64, 'Dr. Stan Doyle DVM', '2025-02-18 07:50:22', '2025-02-18 07:50:22'),
(24, 19, 86, 'Hattie Klein', '2025-02-18 07:50:22', '2025-02-18 07:50:22'),
(25, 19, 73, 'Calista Hand Jr.', '2025-02-18 07:50:22', '2025-02-18 07:50:22'),
(26, 19, 52, 'Mrs. Caleigh Dare', '2025-02-18 07:50:22', '2025-02-18 07:50:22'),
(27, 19, 58, 'Miss Gladys Abbott', '2025-02-18 07:50:22', '2025-02-18 07:50:22'),
(28, 19, 84, 'Edison Schaefer', '2025-02-18 07:50:22', '2025-02-18 07:50:22'),
(29, 19, 72, 'Buck Sauer Jr.', '2025-02-18 07:50:22', '2025-02-18 07:50:22'),
(30, 19, 79, 'Hosea Bogisich', '2025-02-18 07:50:22', '2025-02-18 07:50:22'),
(31, 20, 55, 'Elisha Nicolas', '2025-02-18 07:50:22', '2025-02-18 07:50:22'),
(32, 20, 82, 'Wilfred Raynor', '2025-02-18 07:50:22', '2025-02-18 07:50:22'),
(33, 20, 66, 'Abbie Bauch', '2025-02-18 07:50:22', '2025-02-18 07:50:22'),
(34, 20, 89, 'Francesca Ullrich', '2025-02-18 07:50:22', '2025-02-18 07:50:22'),
(35, 20, 77, 'Prof. Rozella Hane', '2025-02-18 07:50:22', '2025-02-18 07:50:22'),
(36, 20, 53, 'Bertram Jaskolski', '2025-02-18 07:50:22', '2025-02-18 07:50:22'),
(37, 20, 63, 'Timothy Grimes IV', '2025-02-18 07:50:22', '2025-02-18 07:50:22'),
(38, 20, 85, 'Dr. Forest Klein', '2025-02-18 07:50:22', '2025-02-18 07:50:22'),
(39, 20, 74, 'Demond Leffler Jr.', '2025-02-18 07:50:22', '2025-02-18 07:50:22'),
(40, 20, 87, 'Hildegard Yost', '2025-02-18 07:50:22', '2025-02-18 07:50:22'),
(41, 21, 61, 'Hilton Padberg III', '2025-02-18 07:50:22', '2025-02-18 07:50:22'),
(42, 21, 83, 'Antwan Kerluke', '2025-02-18 07:50:22', '2025-02-18 07:50:22'),
(43, 21, 80, 'Aubree Hill', '2025-02-18 07:50:22', '2025-02-18 07:50:22'),
(44, 21, 60, 'Carolina Olson', '2025-02-18 07:50:22', '2025-02-18 07:50:22'),
(45, 21, 62, 'Mr. Augustus Hyatt', '2025-02-18 07:50:22', '2025-02-18 07:50:22'),
(46, 21, 88, 'Mariano Kunde Sr.', '2025-02-18 07:50:22', '2025-02-18 07:50:22'),
(47, 21, 65, 'Prof. Carlos Swaniawski DVM', '2025-02-18 07:50:22', '2025-02-18 07:50:22'),
(48, 21, 56, 'Celestino Hettinger', '2025-02-18 07:50:22', '2025-02-18 07:50:22'),
(49, 21, 68, 'Citlalli Beer MD', '2025-02-18 07:50:22', '2025-02-18 07:50:22'),
(50, 21, 75, 'Janelle Mitchell', '2025-02-18 07:50:22', '2025-02-18 07:50:22'),
(51, 22, 71, 'Braeden Murray', '2025-02-18 07:50:22', '2025-02-18 07:50:22'),
(52, 22, 54, 'Prof. Alvah Schuster', '2025-02-18 07:50:22', '2025-02-18 07:50:22'),
(53, 22, 59, 'Abbie O\'Keefe II', '2025-02-18 07:50:22', '2025-02-18 07:50:22'),
(54, 22, 81, 'Mr. Ari Bernier III', '2025-02-18 07:50:22', '2025-02-18 07:50:22'),
(55, 22, 67, 'Timothy Collier', '2025-02-18 07:50:22', '2025-02-18 07:50:22'),
(56, 22, 51, 'Leila Ankunding', '2025-02-18 07:50:22', '2025-02-18 07:50:22'),
(57, 22, 57, 'Ms. Whitney Maggio', '2025-02-18 07:50:22', '2025-02-18 07:50:22'),
(58, 22, 69, 'Prof. Austen Harber', '2025-02-18 07:50:22', '2025-02-18 07:50:22'),
(59, 22, 70, 'Joelle Daniel V', '2025-02-18 07:50:22', '2025-02-18 07:50:22'),
(60, 22, 76, 'Mrs. Eliane Rolfson', '2025-02-18 07:50:22', '2025-02-18 07:50:22'),
(61, 23, 50, 'Jammie Lakin', '2025-02-18 07:52:08', '2025-02-18 07:52:08'),
(62, 23, 78, 'Geo Schamberger', '2025-02-18 07:52:08', '2025-02-18 07:52:08'),
(63, 23, 64, 'Dr. Stan Doyle DVM', '2025-02-18 07:52:08', '2025-02-18 07:52:08'),
(64, 23, 86, 'Hattie Klein', '2025-02-18 07:52:08', '2025-02-18 07:52:08'),
(65, 23, 73, 'Calista Hand Jr.', '2025-02-18 07:52:08', '2025-02-18 07:52:08'),
(66, 23, 52, 'Mrs. Caleigh Dare', '2025-02-18 07:52:08', '2025-02-18 07:52:08'),
(67, 23, 58, 'Miss Gladys Abbott', '2025-02-18 07:52:08', '2025-02-18 07:52:08'),
(68, 23, 84, 'Edison Schaefer', '2025-02-18 07:52:08', '2025-02-18 07:52:08'),
(69, 23, 72, 'Buck Sauer Jr.', '2025-02-18 07:52:08', '2025-02-18 07:52:08'),
(70, 23, 79, 'Hosea Bogisich', '2025-02-18 07:52:08', '2025-02-18 07:52:08'),
(71, 24, 55, 'Elisha Nicolas', '2025-02-18 07:52:08', '2025-02-18 07:52:08'),
(72, 24, 82, 'Wilfred Raynor', '2025-02-18 07:52:08', '2025-02-18 07:52:08'),
(73, 24, 66, 'Abbie Bauch', '2025-02-18 07:52:08', '2025-02-18 07:52:08'),
(74, 24, 89, 'Francesca Ullrich', '2025-02-18 07:52:08', '2025-02-18 07:52:08'),
(75, 24, 77, 'Prof. Rozella Hane', '2025-02-18 07:52:08', '2025-02-18 07:52:08'),
(76, 24, 53, 'Bertram Jaskolski', '2025-02-18 07:52:08', '2025-02-18 07:52:08'),
(77, 24, 63, 'Timothy Grimes IV', '2025-02-18 07:52:08', '2025-02-18 07:52:08'),
(78, 24, 85, 'Dr. Forest Klein', '2025-02-18 07:52:08', '2025-02-18 07:52:08'),
(79, 24, 74, 'Demond Leffler Jr.', '2025-02-18 07:52:08', '2025-02-18 07:52:08'),
(80, 24, 87, 'Hildegard Yost', '2025-02-18 07:52:08', '2025-02-18 07:52:08'),
(81, 25, 61, 'Hilton Padberg III', '2025-02-18 07:52:08', '2025-02-18 07:52:08'),
(82, 25, 83, 'Antwan Kerluke', '2025-02-18 07:52:08', '2025-02-18 07:52:08'),
(83, 25, 80, 'Aubree Hill', '2025-02-18 07:52:08', '2025-02-18 07:52:08'),
(84, 25, 60, 'Carolina Olson', '2025-02-18 07:52:08', '2025-02-18 07:52:08'),
(85, 25, 62, 'Mr. Augustus Hyatt', '2025-02-18 07:52:08', '2025-02-18 07:52:08'),
(86, 25, 88, 'Mariano Kunde Sr.', '2025-02-18 07:52:08', '2025-02-18 07:52:08'),
(87, 25, 65, 'Prof. Carlos Swaniawski DVM', '2025-02-18 07:52:08', '2025-02-18 07:52:08'),
(88, 25, 56, 'Celestino Hettinger', '2025-02-18 07:52:08', '2025-02-18 07:52:08'),
(89, 25, 68, 'Citlalli Beer MD', '2025-02-18 07:52:08', '2025-02-18 07:52:08'),
(90, 25, 75, 'Janelle Mitchell', '2025-02-18 07:52:08', '2025-02-18 07:52:08'),
(91, 26, 71, 'Braeden Murray', '2025-02-18 07:52:08', '2025-02-18 07:52:08'),
(92, 26, 54, 'Prof. Alvah Schuster', '2025-02-18 07:52:08', '2025-02-18 07:52:08'),
(93, 26, 59, 'Abbie O\'Keefe II', '2025-02-18 07:52:08', '2025-02-18 07:52:08'),
(94, 26, 81, 'Mr. Ari Bernier III', '2025-02-18 07:52:08', '2025-02-18 07:52:08'),
(95, 26, 67, 'Timothy Collier', '2025-02-18 07:52:08', '2025-02-18 07:52:08'),
(96, 26, 51, 'Leila Ankunding', '2025-02-18 07:52:08', '2025-02-18 07:52:08'),
(97, 26, 57, 'Ms. Whitney Maggio', '2025-02-18 07:52:08', '2025-02-18 07:52:08'),
(98, 26, 69, 'Prof. Austen Harber', '2025-02-18 07:52:08', '2025-02-18 07:52:08'),
(99, 26, 70, 'Joelle Daniel V', '2025-02-18 07:52:08', '2025-02-18 07:52:08'),
(100, 26, 76, 'Mrs. Eliane Rolfson', '2025-02-18 07:52:08', '2025-02-18 07:52:08'),
(101, 27, 50, 'Jammie Lakin', '2025-02-18 07:54:39', '2025-02-18 07:54:39'),
(102, 27, 78, 'Geo Schamberger', '2025-02-18 07:54:39', '2025-02-18 07:54:39'),
(103, 27, 64, 'Dr. Stan Doyle DVM', '2025-02-18 07:54:39', '2025-02-18 07:54:39'),
(104, 27, 86, 'Hattie Klein', '2025-02-18 07:54:39', '2025-02-18 07:54:39'),
(105, 27, 73, 'Calista Hand Jr.', '2025-02-18 07:54:39', '2025-02-18 07:54:39'),
(106, 27, 52, 'Mrs. Caleigh Dare', '2025-02-18 07:54:39', '2025-02-18 07:54:39'),
(107, 27, 58, 'Miss Gladys Abbott', '2025-02-18 07:54:39', '2025-02-18 07:54:39'),
(108, 27, 84, 'Edison Schaefer', '2025-02-18 07:54:39', '2025-02-18 07:54:39'),
(109, 27, 72, 'Buck Sauer Jr.', '2025-02-18 07:54:39', '2025-02-18 07:54:39'),
(110, 27, 79, 'Hosea Bogisich', '2025-02-18 07:54:39', '2025-02-18 07:54:39'),
(111, 28, 55, 'Elisha Nicolas', '2025-02-18 07:54:39', '2025-02-18 07:54:39'),
(112, 28, 82, 'Wilfred Raynor', '2025-02-18 07:54:39', '2025-02-18 07:54:39'),
(113, 28, 66, 'Abbie Bauch', '2025-02-18 07:54:39', '2025-02-18 07:54:39'),
(114, 28, 89, 'Francesca Ullrich', '2025-02-18 07:54:39', '2025-02-18 07:54:39'),
(115, 28, 77, 'Prof. Rozella Hane', '2025-02-18 07:54:39', '2025-02-18 07:54:39'),
(116, 28, 53, 'Bertram Jaskolski', '2025-02-18 07:54:39', '2025-02-18 07:54:39'),
(117, 28, 63, 'Timothy Grimes IV', '2025-02-18 07:54:39', '2025-02-18 07:54:39'),
(118, 28, 85, 'Dr. Forest Klein', '2025-02-18 07:54:39', '2025-02-18 07:54:39'),
(119, 28, 74, 'Demond Leffler Jr.', '2025-02-18 07:54:39', '2025-02-18 07:54:39'),
(120, 28, 87, 'Hildegard Yost', '2025-02-18 07:54:39', '2025-02-18 07:54:39'),
(121, 29, 61, 'Hilton Padberg III', '2025-02-18 07:54:39', '2025-02-18 07:54:39'),
(122, 29, 83, 'Antwan Kerluke', '2025-02-18 07:54:39', '2025-02-18 07:54:39'),
(123, 29, 80, 'Aubree Hill', '2025-02-18 07:54:39', '2025-02-18 07:54:39'),
(124, 29, 60, 'Carolina Olson', '2025-02-18 07:54:39', '2025-02-18 07:54:39'),
(125, 29, 62, 'Mr. Augustus Hyatt', '2025-02-18 07:54:39', '2025-02-18 07:54:39'),
(126, 29, 88, 'Mariano Kunde Sr.', '2025-02-18 07:54:39', '2025-02-18 07:54:39'),
(127, 29, 65, 'Prof. Carlos Swaniawski DVM', '2025-02-18 07:54:39', '2025-02-18 07:54:39'),
(128, 29, 56, 'Celestino Hettinger', '2025-02-18 07:54:39', '2025-02-18 07:54:39'),
(129, 29, 68, 'Citlalli Beer MD', '2025-02-18 07:54:39', '2025-02-18 07:54:39'),
(130, 29, 75, 'Janelle Mitchell', '2025-02-18 07:54:39', '2025-02-18 07:54:39'),
(131, 30, 71, 'Braeden Murray', '2025-02-18 07:54:39', '2025-02-18 07:54:39'),
(132, 30, 54, 'Prof. Alvah Schuster', '2025-02-18 07:54:39', '2025-02-18 07:54:39'),
(133, 30, 59, 'Abbie O\'Keefe II', '2025-02-18 07:54:39', '2025-02-18 07:54:39'),
(134, 30, 81, 'Mr. Ari Bernier III', '2025-02-18 07:54:39', '2025-02-18 07:54:39'),
(135, 30, 67, 'Timothy Collier', '2025-02-18 07:54:39', '2025-02-18 07:54:39'),
(136, 30, 51, 'Leila Ankunding', '2025-02-18 07:54:39', '2025-02-18 07:54:39'),
(137, 30, 57, 'Ms. Whitney Maggio', '2025-02-18 07:54:39', '2025-02-18 07:54:39'),
(138, 30, 69, 'Prof. Austen Harber', '2025-02-18 07:54:39', '2025-02-18 07:54:39'),
(139, 30, 70, 'Joelle Daniel V', '2025-02-18 07:54:39', '2025-02-18 07:54:39'),
(140, 30, 76, 'Mrs. Eliane Rolfson', '2025-02-18 07:54:39', '2025-02-18 07:54:39'),
(141, 31, 50, 'Jammie Lakin', '2025-02-18 07:54:56', '2025-02-18 07:54:56'),
(142, 31, 78, 'Geo Schamberger', '2025-02-18 07:54:56', '2025-02-18 07:54:56'),
(143, 31, 64, 'Dr. Stan Doyle DVM', '2025-02-18 07:54:56', '2025-02-18 07:54:56'),
(144, 31, 86, 'Hattie Klein', '2025-02-18 07:54:56', '2025-02-18 07:54:56'),
(145, 31, 73, 'Calista Hand Jr.', '2025-02-18 07:54:56', '2025-02-18 07:54:56'),
(146, 31, 52, 'Mrs. Caleigh Dare', '2025-02-18 07:54:56', '2025-02-18 07:54:56'),
(147, 31, 58, 'Miss Gladys Abbott', '2025-02-18 07:54:56', '2025-02-18 07:54:56'),
(148, 31, 84, 'Edison Schaefer', '2025-02-18 07:54:56', '2025-02-18 07:54:56'),
(149, 31, 72, 'Buck Sauer Jr.', '2025-02-18 07:54:56', '2025-02-18 07:54:56'),
(150, 31, 79, 'Hosea Bogisich', '2025-02-18 07:54:56', '2025-02-18 07:54:56'),
(151, 32, 55, 'Elisha Nicolas', '2025-02-18 07:54:56', '2025-02-18 07:54:56'),
(152, 32, 82, 'Wilfred Raynor', '2025-02-18 07:54:56', '2025-02-18 07:54:56'),
(153, 32, 66, 'Abbie Bauch', '2025-02-18 07:54:56', '2025-02-18 07:54:56'),
(154, 32, 89, 'Francesca Ullrich', '2025-02-18 07:54:56', '2025-02-18 07:54:56'),
(155, 32, 77, 'Prof. Rozella Hane', '2025-02-18 07:54:56', '2025-02-18 07:54:56'),
(156, 32, 53, 'Bertram Jaskolski', '2025-02-18 07:54:56', '2025-02-18 07:54:56'),
(157, 32, 63, 'Timothy Grimes IV', '2025-02-18 07:54:56', '2025-02-18 07:54:56'),
(158, 32, 85, 'Dr. Forest Klein', '2025-02-18 07:54:56', '2025-02-18 07:54:56'),
(159, 32, 74, 'Demond Leffler Jr.', '2025-02-18 07:54:56', '2025-02-18 07:54:56'),
(160, 32, 87, 'Hildegard Yost', '2025-02-18 07:54:56', '2025-02-18 07:54:56'),
(161, 33, 61, 'Hilton Padberg III', '2025-02-18 07:54:56', '2025-02-18 07:54:56'),
(162, 33, 83, 'Antwan Kerluke', '2025-02-18 07:54:56', '2025-02-18 07:54:56'),
(163, 33, 80, 'Aubree Hill', '2025-02-18 07:54:56', '2025-02-18 07:54:56'),
(164, 33, 60, 'Carolina Olson', '2025-02-18 07:54:56', '2025-02-18 07:54:56'),
(165, 33, 62, 'Mr. Augustus Hyatt', '2025-02-18 07:54:56', '2025-02-18 07:54:56'),
(166, 33, 88, 'Mariano Kunde Sr.', '2025-02-18 07:54:56', '2025-02-18 07:54:56'),
(167, 33, 65, 'Prof. Carlos Swaniawski DVM', '2025-02-18 07:54:56', '2025-02-18 07:54:56'),
(168, 33, 56, 'Celestino Hettinger', '2025-02-18 07:54:56', '2025-02-18 07:54:56'),
(169, 33, 68, 'Citlalli Beer MD', '2025-02-18 07:54:56', '2025-02-18 07:54:56'),
(170, 33, 75, 'Janelle Mitchell', '2025-02-18 07:54:56', '2025-02-18 07:54:56'),
(171, 34, 71, 'Braeden Murray', '2025-02-18 07:54:56', '2025-02-18 07:54:56'),
(172, 34, 54, 'Prof. Alvah Schuster', '2025-02-18 07:54:56', '2025-02-18 07:54:56'),
(173, 34, 59, 'Abbie O\'Keefe II', '2025-02-18 07:54:56', '2025-02-18 07:54:56'),
(174, 34, 81, 'Mr. Ari Bernier III', '2025-02-18 07:54:56', '2025-02-18 07:54:56'),
(175, 34, 67, 'Timothy Collier', '2025-02-18 07:54:56', '2025-02-18 07:54:56'),
(176, 34, 51, 'Leila Ankunding', '2025-02-18 07:54:56', '2025-02-18 07:54:56'),
(177, 34, 57, 'Ms. Whitney Maggio', '2025-02-18 07:54:56', '2025-02-18 07:54:56'),
(178, 34, 69, 'Prof. Austen Harber', '2025-02-18 07:54:56', '2025-02-18 07:54:56'),
(179, 34, 70, 'Joelle Daniel V', '2025-02-18 07:54:56', '2025-02-18 07:54:56'),
(180, 34, 76, 'Mrs. Eliane Rolfson', '2025-02-18 07:54:56', '2025-02-18 07:54:56'),
(181, 35, 50, 'Jammie Lakin', '2025-02-18 07:55:22', '2025-02-18 07:55:22'),
(182, 35, 82, 'Wilfred Raynor', '2025-02-18 07:55:22', '2025-02-18 07:55:22'),
(183, 35, 86, 'Hattie Klein', '2025-02-18 07:55:22', '2025-02-18 07:55:22'),
(184, 35, 73, 'Calista Hand Jr.', '2025-02-18 07:55:22', '2025-02-18 07:55:22'),
(185, 35, 53, 'Bertram Jaskolski', '2025-02-18 07:55:22', '2025-02-18 07:55:22'),
(186, 35, 65, 'Prof. Carlos Swaniawski DVM', '2025-02-18 07:55:22', '2025-02-18 07:55:22'),
(187, 35, 68, 'Citlalli Beer MD', '2025-02-18 07:55:22', '2025-02-18 07:55:22'),
(188, 35, 75, 'Janelle Mitchell', '2025-02-18 07:55:22', '2025-02-18 07:55:22'),
(189, 36, 55, 'Elisha Nicolas', '2025-02-18 07:55:22', '2025-02-18 07:55:22'),
(190, 36, 83, 'Antwan Kerluke', '2025-02-18 07:55:22', '2025-02-18 07:55:22'),
(191, 36, 89, 'Francesca Ullrich', '2025-02-18 07:55:22', '2025-02-18 07:55:22'),
(192, 36, 77, 'Prof. Rozella Hane', '2025-02-18 07:55:22', '2025-02-18 07:55:22'),
(193, 36, 57, 'Ms. Whitney Maggio', '2025-02-18 07:55:22', '2025-02-18 07:55:22'),
(194, 36, 69, 'Prof. Austen Harber', '2025-02-18 07:55:22', '2025-02-18 07:55:22'),
(195, 36, 70, 'Joelle Daniel V', '2025-02-18 07:55:22', '2025-02-18 07:55:22'),
(196, 36, 76, 'Mrs. Eliane Rolfson', '2025-02-18 07:55:22', '2025-02-18 07:55:22'),
(197, 37, 61, 'Hilton Padberg III', '2025-02-18 07:55:22', '2025-02-18 07:55:22'),
(198, 37, 54, 'Prof. Alvah Schuster', '2025-02-18 07:55:22', '2025-02-18 07:55:22'),
(199, 37, 66, 'Abbie Bauch', '2025-02-18 07:55:22', '2025-02-18 07:55:22'),
(200, 37, 60, 'Carolina Olson', '2025-02-18 07:55:22', '2025-02-18 07:55:22'),
(201, 37, 88, 'Mariano Kunde Sr.', '2025-02-18 07:55:22', '2025-02-18 07:55:22'),
(202, 37, 84, 'Edison Schaefer', '2025-02-18 07:55:22', '2025-02-18 07:55:22'),
(203, 37, 72, 'Buck Sauer Jr.', '2025-02-18 07:55:22', '2025-02-18 07:55:22'),
(204, 37, 79, 'Hosea Bogisich', '2025-02-18 07:55:22', '2025-02-18 07:55:22'),
(205, 38, 71, 'Braeden Murray', '2025-02-18 07:55:22', '2025-02-18 07:55:22'),
(206, 38, 59, 'Abbie O\'Keefe II', '2025-02-18 07:55:22', '2025-02-18 07:55:22'),
(207, 38, 80, 'Aubree Hill', '2025-02-18 07:55:22', '2025-02-18 07:55:22'),
(208, 38, 62, 'Mr. Augustus Hyatt', '2025-02-18 07:55:22', '2025-02-18 07:55:22'),
(209, 38, 51, 'Leila Ankunding', '2025-02-18 07:55:22', '2025-02-18 07:55:22'),
(210, 38, 58, 'Miss Gladys Abbott', '2025-02-18 07:55:22', '2025-02-18 07:55:22'),
(211, 38, 85, 'Dr. Forest Klein', '2025-02-18 07:55:22', '2025-02-18 07:55:22'),
(212, 38, 87, 'Hildegard Yost', '2025-02-18 07:55:22', '2025-02-18 07:55:22'),
(213, 39, 78, 'Geo Schamberger', '2025-02-18 07:55:22', '2025-02-18 07:55:22'),
(214, 39, 64, 'Dr. Stan Doyle DVM', '2025-02-18 07:55:22', '2025-02-18 07:55:22'),
(215, 39, 81, 'Mr. Ari Bernier III', '2025-02-18 07:55:22', '2025-02-18 07:55:22'),
(216, 39, 67, 'Timothy Collier', '2025-02-18 07:55:22', '2025-02-18 07:55:22'),
(217, 39, 52, 'Mrs. Caleigh Dare', '2025-02-18 07:55:22', '2025-02-18 07:55:22'),
(218, 39, 63, 'Timothy Grimes IV', '2025-02-18 07:55:22', '2025-02-18 07:55:22'),
(219, 39, 56, 'Celestino Hettinger', '2025-02-18 07:55:22', '2025-02-18 07:55:22'),
(220, 39, 74, 'Demond Leffler Jr.', '2025-02-18 07:55:22', '2025-02-18 07:55:22'),
(221, 40, 50, 'Jammie Lakin', '2025-02-18 08:07:13', '2025-02-18 08:07:13'),
(222, 40, 82, 'Wilfred Raynor', '2025-02-18 08:07:13', '2025-02-18 08:07:13'),
(223, 40, 86, 'Hattie Klein', '2025-02-18 08:07:13', '2025-02-18 08:07:13'),
(224, 40, 73, 'Calista Hand Jr.', '2025-02-18 08:07:13', '2025-02-18 08:07:13'),
(225, 40, 53, 'Bertram Jaskolski', '2025-02-18 08:07:13', '2025-02-18 08:07:13'),
(226, 40, 65, 'Prof. Carlos Swaniawski DVM', '2025-02-18 08:07:13', '2025-02-18 08:07:13'),
(227, 40, 68, 'Citlalli Beer MD', '2025-02-18 08:07:13', '2025-02-18 08:07:13'),
(228, 40, 75, 'Janelle Mitchell', '2025-02-18 08:07:13', '2025-02-18 08:07:13'),
(229, 41, 55, 'Elisha Nicolas', '2025-02-18 08:07:13', '2025-02-18 08:07:13'),
(230, 41, 83, 'Antwan Kerluke', '2025-02-18 08:07:13', '2025-02-18 08:07:13'),
(231, 41, 89, 'Francesca Ullrich', '2025-02-18 08:07:13', '2025-02-18 08:07:13'),
(232, 41, 77, 'Prof. Rozella Hane', '2025-02-18 08:07:13', '2025-02-18 08:07:13'),
(233, 41, 57, 'Ms. Whitney Maggio', '2025-02-18 08:07:13', '2025-02-18 08:07:13'),
(234, 41, 69, 'Prof. Austen Harber', '2025-02-18 08:07:13', '2025-02-18 08:07:13'),
(235, 41, 70, 'Joelle Daniel V', '2025-02-18 08:07:13', '2025-02-18 08:07:13'),
(236, 41, 76, 'Mrs. Eliane Rolfson', '2025-02-18 08:07:13', '2025-02-18 08:07:13'),
(237, 42, 61, 'Hilton Padberg III', '2025-02-18 08:07:13', '2025-02-18 08:07:13'),
(238, 42, 54, 'Prof. Alvah Schuster', '2025-02-18 08:07:13', '2025-02-18 08:07:13'),
(239, 42, 66, 'Abbie Bauch', '2025-02-18 08:07:13', '2025-02-18 08:07:13'),
(240, 42, 60, 'Carolina Olson', '2025-02-18 08:07:13', '2025-02-18 08:07:13'),
(241, 42, 88, 'Mariano Kunde Sr.', '2025-02-18 08:07:13', '2025-02-18 08:07:13'),
(242, 42, 84, 'Edison Schaefer', '2025-02-18 08:07:13', '2025-02-18 08:07:13'),
(243, 42, 72, 'Buck Sauer Jr.', '2025-02-18 08:07:13', '2025-02-18 08:07:13'),
(244, 42, 79, 'Hosea Bogisich', '2025-02-18 08:07:13', '2025-02-18 08:07:13'),
(245, 43, 71, 'Braeden Murray', '2025-02-18 08:07:13', '2025-02-18 08:07:13'),
(246, 43, 59, 'Abbie O\'Keefe II', '2025-02-18 08:07:13', '2025-02-18 08:07:13'),
(247, 43, 80, 'Aubree Hill', '2025-02-18 08:07:13', '2025-02-18 08:07:13'),
(248, 43, 62, 'Mr. Augustus Hyatt', '2025-02-18 08:07:13', '2025-02-18 08:07:13'),
(249, 43, 51, 'Leila Ankunding', '2025-02-18 08:07:13', '2025-02-18 08:07:13'),
(250, 43, 58, 'Miss Gladys Abbott', '2025-02-18 08:07:13', '2025-02-18 08:07:13'),
(251, 43, 85, 'Dr. Forest Klein', '2025-02-18 08:07:13', '2025-02-18 08:07:13'),
(252, 43, 87, 'Hildegard Yost', '2025-02-18 08:07:13', '2025-02-18 08:07:13'),
(253, 44, 78, 'Geo Schamberger', '2025-02-18 08:07:13', '2025-02-18 08:07:13'),
(254, 44, 64, 'Dr. Stan Doyle DVM', '2025-02-18 08:07:13', '2025-02-18 08:07:13'),
(255, 44, 81, 'Mr. Ari Bernier III', '2025-02-18 08:07:13', '2025-02-18 08:07:13'),
(256, 44, 67, 'Timothy Collier', '2025-02-18 08:07:13', '2025-02-18 08:07:13'),
(257, 44, 52, 'Mrs. Caleigh Dare', '2025-02-18 08:07:13', '2025-02-18 08:07:13'),
(258, 44, 63, 'Timothy Grimes IV', '2025-02-18 08:07:13', '2025-02-18 08:07:13'),
(259, 44, 56, 'Celestino Hettinger', '2025-02-18 08:07:13', '2025-02-18 08:07:13'),
(260, 44, 74, 'Demond Leffler Jr.', '2025-02-18 08:07:13', '2025-02-18 08:07:13'),
(261, 45, 50, 'Jammie Lakin', '2025-02-18 08:13:30', '2025-02-18 08:13:30'),
(262, 45, 82, 'Wilfred Raynor', '2025-02-18 08:13:30', '2025-02-18 08:13:30'),
(263, 45, 86, 'Hattie Klein', '2025-02-18 08:13:30', '2025-02-18 08:13:30'),
(264, 45, 67, 'Timothy Collier', '2025-02-18 08:13:30', '2025-02-18 08:13:30'),
(265, 45, 51, 'Leila Ankunding', '2025-02-18 08:13:30', '2025-02-18 08:13:30'),
(266, 45, 57, 'Ms. Whitney Maggio', '2025-02-18 08:13:30', '2025-02-18 08:13:30'),
(267, 45, 84, 'Edison Schaefer', '2025-02-18 08:13:30', '2025-02-18 08:13:30'),
(268, 45, 76, 'Mrs. Eliane Rolfson', '2025-02-18 08:13:30', '2025-02-18 08:13:30'),
(269, 46, 55, 'Elisha Nicolas', '2025-02-18 08:13:30', '2025-02-18 08:13:30'),
(270, 46, 83, 'Antwan Kerluke', '2025-02-18 08:13:30', '2025-02-18 08:13:30'),
(271, 46, 89, 'Francesca Ullrich', '2025-02-18 08:13:30', '2025-02-18 08:13:30'),
(272, 46, 73, 'Calista Hand Jr.', '2025-02-18 08:13:30', '2025-02-18 08:13:30'),
(273, 46, 52, 'Mrs. Caleigh Dare', '2025-02-18 08:13:30', '2025-02-18 08:13:30'),
(274, 46, 58, 'Miss Gladys Abbott', '2025-02-18 08:13:30', '2025-02-18 08:13:30'),
(275, 46, 85, 'Dr. Forest Klein', '2025-02-18 08:13:30', '2025-02-18 08:13:30'),
(276, 46, 79, 'Hosea Bogisich', '2025-02-18 08:13:30', '2025-02-18 08:13:30'),
(277, 47, 61, 'Hilton Padberg III', '2025-02-18 08:13:30', '2025-02-18 08:13:30'),
(278, 47, 54, 'Prof. Alvah Schuster', '2025-02-18 08:13:30', '2025-02-18 08:13:30'),
(279, 47, 66, 'Abbie Bauch', '2025-02-18 08:13:30', '2025-02-18 08:13:30'),
(280, 47, 90, 'asdf', '2025-02-18 08:13:30', '2025-02-18 08:13:30'),
(281, 47, 53, 'Bertram Jaskolski', '2025-02-18 08:13:30', '2025-02-18 08:13:30'),
(282, 47, 63, 'Timothy Grimes IV', '2025-02-18 08:13:30', '2025-02-18 08:13:30'),
(283, 47, 56, 'Celestino Hettinger', '2025-02-18 08:13:30', '2025-02-18 08:13:30'),
(284, 47, 72, 'Buck Sauer Jr.', '2025-02-18 08:13:30', '2025-02-18 08:13:30'),
(285, 47, 87, 'Hildegard Yost', '2025-02-18 08:13:30', '2025-02-18 08:13:30'),
(286, 48, 71, 'Braeden Murray', '2025-02-18 08:13:30', '2025-02-18 08:13:30'),
(287, 48, 59, 'Abbie O\'Keefe II', '2025-02-18 08:13:30', '2025-02-18 08:13:30'),
(288, 48, 80, 'Aubree Hill', '2025-02-18 08:13:30', '2025-02-18 08:13:30'),
(289, 48, 60, 'Carolina Olson', '2025-02-18 08:13:30', '2025-02-18 08:13:30'),
(290, 48, 77, 'Prof. Rozella Hane', '2025-02-18 08:13:30', '2025-02-18 08:13:30'),
(291, 48, 65, 'Prof. Carlos Swaniawski DVM', '2025-02-18 08:13:30', '2025-02-18 08:13:30'),
(292, 48, 68, 'Citlalli Beer MD', '2025-02-18 08:13:30', '2025-02-18 08:13:30'),
(293, 48, 74, 'Demond Leffler Jr.', '2025-02-18 08:13:30', '2025-02-18 08:13:30'),
(294, 49, 78, 'Geo Schamberger', '2025-02-18 08:13:30', '2025-02-18 08:13:30'),
(295, 49, 64, 'Dr. Stan Doyle DVM', '2025-02-18 08:13:30', '2025-02-18 08:13:30'),
(296, 49, 81, 'Mr. Ari Bernier III', '2025-02-18 08:13:30', '2025-02-18 08:13:30'),
(297, 49, 62, 'Mr. Augustus Hyatt', '2025-02-18 08:13:30', '2025-02-18 08:13:30'),
(298, 49, 88, 'Mariano Kunde Sr.', '2025-02-18 08:13:30', '2025-02-18 08:13:30'),
(299, 49, 69, 'Prof. Austen Harber', '2025-02-18 08:13:30', '2025-02-18 08:13:30'),
(300, 49, 70, 'Joelle Daniel V', '2025-02-18 08:13:30', '2025-02-18 08:13:30'),
(301, 49, 75, 'Janelle Mitchell', '2025-02-18 08:13:30', '2025-02-18 08:13:30');

-- --------------------------------------------------------

--
-- Table structure for table `generator`
--

CREATE TABLE `generator` (
  `id` bigint(20) UNSIGNED NOT NULL,
  `name` varchar(255) NOT NULL,
  `slug` varchar(255) NOT NULL,
  `created_at` timestamp NULL DEFAULT NULL,
  `updated_at` timestamp NULL DEFAULT NULL
) ENGINE=InnoDB DEFAULT CHARSET=utf8mb4 COLLATE=utf8mb4_unicode_ci;

--
-- Dumping data for table `generator`
--

INSERT INTO `generator` (`id`, `name`, `slug`, `created_at`, `updated_at`) VALUES
(3, 'aa', 'aa-2025-02-18-133522', '2025-02-18 07:50:22', '2025-02-18 07:50:22'),
(4, 'asdf', 'asdf-2025-02-18-133708', '2025-02-18 07:52:08', '2025-02-18 07:52:08'),
(5, 'maya', 'maya-2025-02-18-133939', '2025-02-18 07:54:39', '2025-02-18 07:54:39'),
(6, 'wow', 'wow-2025-02-18-133956', '2025-02-18 07:54:56', '2025-02-18 07:54:56'),
(7, 'Futsall', 'futsall-2025-02-18-134022', '2025-02-18 07:55:22', '2025-02-18 07:55:22'),
(8, 'tester', 'tester-2025-02-18-135213', '2025-02-18 08:07:13', '2025-02-18 08:07:13'),
(9, 'asdf', 'asdf-2025-02-18-135830', '2025-02-18 08:13:30', '2025-02-18 08:13:30');

-- --------------------------------------------------------

--
-- Table structure for table `jobs`
--

CREATE TABLE `jobs` (
  `id` bigint(20) UNSIGNED NOT NULL,
  `queue` varchar(255) NOT NULL,
  `payload` longtext NOT NULL,
  `attempts` tinyint(3) UNSIGNED NOT NULL,
  `reserved_at` int(10) UNSIGNED DEFAULT NULL,
  `available_at` int(10) UNSIGNED NOT NULL,
  `created_at` int(10) UNSIGNED NOT NULL
) ENGINE=InnoDB DEFAULT CHARSET=utf8mb4 COLLATE=utf8mb4_unicode_ci;

-- --------------------------------------------------------

--
-- Table structure for table `job_batches`
--

CREATE TABLE `job_batches` (
  `id` varchar(255) NOT NULL,
  `name` varchar(255) NOT NULL,
  `total_jobs` int(11) NOT NULL,
  `pending_jobs` int(11) NOT NULL,
  `failed_jobs` int(11) NOT NULL,
  `failed_job_ids` longtext NOT NULL,
  `options` mediumtext DEFAULT NULL,
  `cancelled_at` int(11) DEFAULT NULL,
  `created_at` int(11) NOT NULL,
  `finished_at` int(11) DEFAULT NULL
) ENGINE=InnoDB DEFAULT CHARSET=utf8mb4 COLLATE=utf8mb4_unicode_ci;

-- --------------------------------------------------------

--
-- Table structure for table `migrations`
--

CREATE TABLE `migrations` (
  `id` int(10) UNSIGNED NOT NULL,
  `migration` varchar(255) NOT NULL,
  `batch` int(11) NOT NULL
) ENGINE=InnoDB DEFAULT CHARSET=utf8mb4 COLLATE=utf8mb4_unicode_ci;

--
-- Dumping data for table `migrations`
--

INSERT INTO `migrations` (`id`, `migration`, `batch`) VALUES
(1, '0001_01_01_000000_create_users_table', 1),
(2, '0001_01_01_000001_create_cache_table', 1),
(3, '0001_01_01_000002_create_jobs_table', 1),
(4, '2025_02_17_082506_create_players_table', 2),
(5, '2025_02_17_152148_create_teams_table', 3),
(11, '2025_02_18_062727_create_generator_table', 6),
(12, '2025_02_18_091113_create_generated_teams', 7),
(13, '2025_02_18_100308_create_generated_team_players', 8);

-- --------------------------------------------------------

--
-- Table structure for table `password_reset_tokens`
--

CREATE TABLE `password_reset_tokens` (
  `email` varchar(255) NOT NULL,
  `token` varchar(255) NOT NULL,
  `created_at` timestamp NULL DEFAULT NULL
) ENGINE=InnoDB DEFAULT CHARSET=utf8mb4 COLLATE=utf8mb4_unicode_ci;

-- --------------------------------------------------------

--
-- Table structure for table `players`
--

CREATE TABLE `players` (
  `id` bigint(20) UNSIGNED NOT NULL,
  `name` varchar(255) NOT NULL,
  `skill` int(11) NOT NULL,
  `created_at` timestamp NULL DEFAULT NULL,
  `updated_at` timestamp NULL DEFAULT NULL
) ENGINE=InnoDB DEFAULT CHARSET=utf8mb4 COLLATE=utf8mb4_unicode_ci;

--
-- Dumping data for table `players`
--

INSERT INTO `players` (`id`, `name`, `skill`, `created_at`, `updated_at`) VALUES
(50, 'Jammie Lakin', 5, '2025-02-18 07:45:28', '2025-02-18 07:45:28'),
(51, 'Leila Ankunding', 2, '2025-02-18 07:45:28', '2025-02-18 07:45:28'),
(52, 'Mrs. Caleigh Dare', 2, '2025-02-18 07:45:28', '2025-02-18 07:45:28'),
(53, 'Bertram Jaskolski', 2, '2025-02-18 07:45:28', '2025-02-18 07:45:28'),
(54, 'Prof. Alvah Schuster', 4, '2025-02-18 07:45:28', '2025-02-18 07:45:28'),
(55, 'Elisha Nicolas', 5, '2025-02-18 07:45:28', '2025-02-18 07:45:28'),
(56, 'Celestino Hettinger', 1, '2025-02-18 07:45:28', '2025-02-18 07:45:28'),
(57, 'Ms. Whitney Maggio', 2, '2025-02-18 07:45:28', '2025-02-18 07:45:28'),
(58, 'Miss Gladys Abbott', 2, '2025-02-18 07:45:28', '2025-02-18 07:45:28'),
(59, 'Abbie O\'Keefe II', 4, '2025-02-18 07:45:28', '2025-02-18 07:45:28'),
(60, 'Carolina Olson', 3, '2025-02-18 07:45:28', '2025-02-18 07:45:28'),
(61, 'Hilton Padberg III', 5, '2025-02-18 07:45:28', '2025-02-18 07:45:28'),
(62, 'Mr. Augustus Hyatt', 3, '2025-02-18 07:45:28', '2025-02-18 07:45:28'),
(63, 'Timothy Grimes IV', 2, '2025-02-18 07:45:28', '2025-02-18 07:45:28'),
(64, 'Dr. Stan Doyle DVM', 4, '2025-02-18 07:45:28', '2025-02-18 07:45:28'),
(65, 'Prof. Carlos Swaniawski DVM', 2, '2025-02-18 07:45:28', '2025-02-18 07:45:28'),
(66, 'Abbie Bauch', 4, '2025-02-18 07:45:28', '2025-02-18 07:45:28'),
(67, 'Timothy Collier', 3, '2025-02-18 07:45:28', '2025-02-18 07:45:28'),
(68, 'Citlalli Beer MD', 1, '2025-02-18 07:45:28', '2025-02-18 07:45:28'),
(69, 'Prof. Austen Harber', 2, '2025-02-18 07:45:28', '2025-02-18 07:45:28'),
(70, 'Joelle Daniel V', 1, '2025-02-18 07:46:09', '2025-02-18 07:46:09'),
(71, 'Braeden Murray', 5, '2025-02-18 07:46:09', '2025-02-18 07:48:40'),
(72, 'Buck Sauer Jr.', 1, '2025-02-18 07:46:09', '2025-02-18 07:46:09'),
(73, 'Calista Hand Jr.', 3, '2025-02-18 07:46:09', '2025-02-18 07:46:09'),
(74, 'Demond Leffler Jr.', 1, '2025-02-18 07:46:09', '2025-02-18 07:46:09'),
(75, 'Janelle Mitchell', 1, '2025-02-18 07:46:09', '2025-02-18 07:46:09'),
(76, 'Mrs. Eliane Rolfson', 1, '2025-02-18 07:46:09', '2025-02-18 07:46:09'),
(77, 'Prof. Rozella Hane', 3, '2025-02-18 07:46:09', '2025-02-18 07:46:09'),
(78, 'Geo Schamberger', 5, '2025-02-18 07:46:09', '2025-02-18 07:46:09'),
(79, 'Hosea Bogisich', 1, '2025-02-18 07:46:09', '2025-02-18 07:46:09'),
(80, 'Aubree Hill', 4, '2025-02-18 07:46:09', '2025-02-18 07:46:09'),
(81, 'Mr. Ari Bernier III', 4, '2025-02-18 07:46:09', '2025-02-18 07:46:09'),
(82, 'Wilfred Raynor', 5, '2025-02-18 07:46:09', '2025-02-18 07:46:09'),
(83, 'Antwan Kerluke', 5, '2025-02-18 07:46:09', '2025-02-18 07:46:09'),
(84, 'Edison Schaefer', 2, '2025-02-18 07:46:09', '2025-02-18 07:46:09'),
(85, 'Dr. Forest Klein', 2, '2025-02-18 07:46:09', '2025-02-18 07:46:09'),
(86, 'Hattie Klein', 4, '2025-02-18 07:46:09', '2025-02-18 07:46:09'),
(87, 'Hildegard Yost', 1, '2025-02-18 07:46:09', '2025-02-18 07:46:09'),
(88, 'Mariano Kunde Sr.', 3, '2025-02-18 07:46:09', '2025-02-18 07:46:09'),
(89, 'Francesca Ullrich', 4, '2025-02-18 07:46:09', '2025-02-18 07:46:09'),
(90, 'asdf', 4, '2025-02-18 08:13:25', '2025-02-18 08:13:25');

-- --------------------------------------------------------

--
-- Table structure for table `sessions`
--

CREATE TABLE `sessions` (
  `id` varchar(255) NOT NULL,
  `user_id` bigint(20) UNSIGNED DEFAULT NULL,
  `ip_address` varchar(45) DEFAULT NULL,
  `user_agent` text DEFAULT NULL,
  `payload` longtext NOT NULL,
  `last_activity` int(11) NOT NULL
) ENGINE=InnoDB DEFAULT CHARSET=utf8mb4 COLLATE=utf8mb4_unicode_ci;

--
-- Dumping data for table `sessions`
--

INSERT INTO `sessions` (`id`, `user_id`, `ip_address`, `user_agent`, `payload`, `last_activity`) VALUES
('AZnKPlmD7f81VQEe923CJmuGbXAEbOUTlcrxqumT', 4, '127.0.0.1', 'Mozilla/5.0 (Macintosh; Intel Mac OS X 10_15_7) AppleWebKit/537.36 (KHTML, like Gecko) Chrome/133.0.0.0 Safari/537.36', 'YTo1OntzOjY6Il90b2tlbiI7czo0MDoibzYxYUUyamlSOGFUYjJBcEZvRGVzS2lGOVFmSVdiQTRqTFlhUkJPWCI7czo2OiJfZmxhc2giO2E6Mjp7czozOiJvbGQiO2E6MDp7fXM6MzoibmV3IjthOjA6e319czozOiJ1cmwiO2E6MDp7fXM6OToiX3ByZXZpb3VzIjthOjE6e3M6MzoidXJsIjtzOjMxOiJodHRwOi8vMTI3LjAuMC4xOjgwMDAvZGFzaGJvYXJkIjt9czo1MDoibG9naW5fd2ViXzU5YmEzNmFkZGMyYjJmOTQwMTU4MGYwMTRjN2Y1OGVhNGUzMDk4OWQiO2k6NDt9', 1739965419),
('wpTBLXiBWIbM6zMbS3T7dWCypeb48cYBHVpnJ1r5', NULL, '127.0.0.1', 'Mozilla/5.0 (Macintosh; Intel Mac OS X 10_15_7) AppleWebKit/537.36 (KHTML, like Gecko) Chrome/133.0.0.0 Safari/537.36', 'YTo0OntzOjY6Il90b2tlbiI7czo0MDoiUFNYYzM2Y2FIVWRScjJ3UFZBR0lDR21seVJUbmdRMXZtOG5DQkNLWSI7czo5OiJfcHJldmlvdXMiO2E6MTp7czozOiJ1cmwiO3M6NTQ6Imh0dHA6Ly8xMjcuMC4wLjE6ODAwMC9nZW5lcmF0ZWQvYXNkZi0yMDI1LTAyLTE4LTEzNTgzMCI7fXM6NjoiX2ZsYXNoIjthOjI6e3M6Mzoib2xkIjthOjA6e31zOjM6Im5ldyI7YTowOnt9fXM6MzoidXJsIjthOjE6e3M6ODoiaW50ZW5kZWQiO3M6MzE6Imh0dHA6Ly8xMjcuMC4wLjE6ODAwMC9nZW5lcmF0b3IiO319', 1739960219);

-- --------------------------------------------------------

--
-- Table structure for table `teams`
--

CREATE TABLE `teams` (
  `id` bigint(20) UNSIGNED NOT NULL,
  `name` varchar(255) NOT NULL,
  `created_at` timestamp NULL DEFAULT NULL,
  `updated_at` timestamp NULL DEFAULT NULL
) ENGINE=InnoDB DEFAULT CHARSET=utf8mb4 COLLATE=utf8mb4_unicode_ci;

--
-- Dumping data for table `teams`
--

INSERT INTO `teams` (`id`, `name`, `created_at`, `updated_at`) VALUES
(2, 'Team Kathmandu', '2025-02-17 09:42:25', '2025-02-17 09:42:25'),
(3, 'Team Janakpur', '2025-02-17 09:42:25', '2025-02-17 09:42:25'),
(4, 'Team Pokhara', '2025-02-17 09:42:25', '2025-02-17 09:42:25'),
(5, 'testtest', '2025-02-17 10:19:22', '2025-02-17 10:32:42'),
(13, 'Birendranagar s s', '2025-02-18 07:55:09', '2025-02-19 04:14:45');

-- --------------------------------------------------------

--
-- Table structure for table `users`
--

CREATE TABLE `users` (
  `id` bigint(20) UNSIGNED NOT NULL,
  `name` varchar(255) NOT NULL,
  `email` varchar(255) NOT NULL,
  `email_verified_at` timestamp NULL DEFAULT NULL,
  `password` varchar(255) NOT NULL,
  `remember_token` varchar(100) DEFAULT NULL,
  `created_at` timestamp NULL DEFAULT NULL,
  `updated_at` timestamp NULL DEFAULT NULL
) ENGINE=InnoDB DEFAULT CHARSET=utf8mb4 COLLATE=utf8mb4_unicode_ci;

--
-- Dumping data for table `users`
--

INSERT INTO `users` (`id`, `name`, `email`, `email_verified_at`, `password`, `remember_token`, `created_at`, `updated_at`) VALUES
(1, 'Krishna Karki', 'asdf@asdf.com', NULL, '$2y$12$6WRpwTXbNDfTdZ/tht85iesT/BRugeJa3Y2NAJMkLM9eRGk7dd4kK', NULL, '2025-02-17 01:44:27', '2025-02-17 10:32:52'),
(2, 'Test User', 'test@example.com', '2025-02-17 09:39:20', '$2y$12$3DN9fEvntrIgOxK20.kJe.cA/IiJMJjWjjBfbuzY5nSbcfLLwLImG', '7uOWISEI80', '2025-02-17 09:39:20', '2025-02-17 09:39:20'),
(4, 'Krishna Karki', 'developersnepal@gmail.com', NULL, '$2y$12$9SCfC9/QrYIAyM2XmfbdV.OwQLnW9xlDU6/M9uUdnTz3XOWw7ZHw2', NULL, '2025-02-18 00:11:13', '2025-02-18 00:11:13');

--
-- Indexes for dumped tables
--

--
-- Indexes for table `cache`
--
ALTER TABLE `cache`
  ADD PRIMARY KEY (`key`);

--
-- Indexes for table `cache_locks`
--
ALTER TABLE `cache_locks`
  ADD PRIMARY KEY (`key`);

--
-- Indexes for table `failed_jobs`
--
ALTER TABLE `failed_jobs`
  ADD PRIMARY KEY (`id`),
  ADD UNIQUE KEY `failed_jobs_uuid_unique` (`uuid`);

--
-- Indexes for table `generated_teams`
--
ALTER TABLE `generated_teams`
  ADD PRIMARY KEY (`id`);

--
-- Indexes for table `generated_team_players`
--
ALTER TABLE `generated_team_players`
  ADD PRIMARY KEY (`id`);

--
-- Indexes for table `generator`
--
ALTER TABLE `generator`
  ADD PRIMARY KEY (`id`);

--
-- Indexes for table `jobs`
--
ALTER TABLE `jobs`
  ADD PRIMARY KEY (`id`),
  ADD KEY `jobs_queue_index` (`queue`);

--
-- Indexes for table `job_batches`
--
ALTER TABLE `job_batches`
  ADD PRIMARY KEY (`id`);

--
-- Indexes for table `migrations`
--
ALTER TABLE `migrations`
  ADD PRIMARY KEY (`id`);

--
-- Indexes for table `password_reset_tokens`
--
ALTER TABLE `password_reset_tokens`
  ADD PRIMARY KEY (`email`);

--
-- Indexes for table `players`
--
ALTER TABLE `players`
  ADD PRIMARY KEY (`id`);

--
-- Indexes for table `sessions`
--
ALTER TABLE `sessions`
  ADD PRIMARY KEY (`id`),
  ADD KEY `sessions_user_id_index` (`user_id`),
  ADD KEY `sessions_last_activity_index` (`last_activity`);

--
-- Indexes for table `teams`
--
ALTER TABLE `teams`
  ADD PRIMARY KEY (`id`);

--
-- Indexes for table `users`
--
ALTER TABLE `users`
  ADD PRIMARY KEY (`id`),
  ADD UNIQUE KEY `users_email_unique` (`email`);

--
-- AUTO_INCREMENT for dumped tables
--

--
-- AUTO_INCREMENT for table `failed_jobs`
--
ALTER TABLE `failed_jobs`
  MODIFY `id` bigint(20) UNSIGNED NOT NULL AUTO_INCREMENT;

--
-- AUTO_INCREMENT for table `generated_teams`
--
ALTER TABLE `generated_teams`
  MODIFY `id` bigint(20) UNSIGNED NOT NULL AUTO_INCREMENT, AUTO_INCREMENT=50;

--
-- AUTO_INCREMENT for table `generated_team_players`
--
ALTER TABLE `generated_team_players`
  MODIFY `id` bigint(20) UNSIGNED NOT NULL AUTO_INCREMENT, AUTO_INCREMENT=302;

--
-- AUTO_INCREMENT for table `generator`
--
ALTER TABLE `generator`
  MODIFY `id` bigint(20) UNSIGNED NOT NULL AUTO_INCREMENT, AUTO_INCREMENT=10;

--
-- AUTO_INCREMENT for table `jobs`
--
ALTER TABLE `jobs`
  MODIFY `id` bigint(20) UNSIGNED NOT NULL AUTO_INCREMENT;

--
-- AUTO_INCREMENT for table `migrations`
--
ALTER TABLE `migrations`
  MODIFY `id` int(10) UNSIGNED NOT NULL AUTO_INCREMENT, AUTO_INCREMENT=14;

--
-- AUTO_INCREMENT for table `players`
--
ALTER TABLE `players`
  MODIFY `id` bigint(20) UNSIGNED NOT NULL AUTO_INCREMENT, AUTO_INCREMENT=91;

--
-- AUTO_INCREMENT for table `teams`
--
ALTER TABLE `teams`
  MODIFY `id` bigint(20) UNSIGNED NOT NULL AUTO_INCREMENT, AUTO_INCREMENT=14;

--
-- AUTO_INCREMENT for table `users`
--
ALTER TABLE `users`
  MODIFY `id` bigint(20) UNSIGNED NOT NULL AUTO_INCREMENT, AUTO_INCREMENT=7;
COMMIT;

/*!40101 SET CHARACTER_SET_CLIENT=@OLD_CHARACTER_SET_CLIENT */;
/*!40101 SET CHARACTER_SET_RESULTS=@OLD_CHARACTER_SET_RESULTS */;
/*!40101 SET COLLATION_CONNECTION=@OLD_COLLATION_CONNECTION */;
